account_id,transaction_date,total_debit_amount,total_credit_amount,net_amount,transaction_count,distinct_merchants,top_category,currencies,updated_at
ACC-1001,2024-01-06,116.41,0.00,-116.41,2,2,transportation,GBP,2026-10-01 05:58:55.293946
ACC-1001,2024-01-28,2204.95,0.00,-2204.95,1,1,travel,USD,2026-10-01 05:58:55.293946
ACC-1001,2024-02-03,41.05,0.00,-41.05,1,1,transfer,USD,2026-10-01 05:58:55.293946
ACC-1001,2024-02-17,532.60,0.00,-532.60,1,1,retail,USD,2026-10-01 05:58:55.293946
ACC-1001,2024-02-20,110.38,0.00,-110.38,1,1,electronics,USD,2026-10-01 05:58:55.293946
ACC-1001,2024-02-23,0.00,6456.22,6456.22,1,1,travel,EUR,2026-10-01 05:58:55.293946
ACC-1001,2024-02-25,130.49,0.00,-130.49,1,1,transfer,GBP,2026-10-01 05:58:55.293946
ACC-1001,2024-03-08,150.71,0.00,-150.71,1,1,transportation,EUR,2026-10-01 05:58:55.293946
ACC-1001,2024-03-09,759.76,0.00,-759.76,1,1,home_and_garden,CHF,2026-10-01 05:58:55.293946
ACC-1001,2024-03-14,4568.75,0.00,-4568.75,1,1,food_and_beverage,CAD,2026-10-01 05:58:55.293946
ACC-1001,2024-03-29,136.43,0.00,-136.43,1,1,electronics,USD,2026-10-01 05:58:55.293946
ACC-1002,2024-01-11,24.54,0.00,-24.54,1,1,travel,USD,2026-10-01 05:58:55.293946
ACC-1002,2024-01-23,3058.83,0.00,-3058.83,1,1,transfer,USD,2026-10-01 05:58:55.293946
ACC-1002,2024-02-02,135.66,0.00,-135.66,1,1,health,USD,2026-10-01 05:58:55.293946
ACC-1002,2024-02-03,536.67,0.00,-536.67,1,1,retail,USD,2026-10-01 05:58:55.293946
ACC-1002,2024-02-09,3191.46,0.00,-3191.46,1,1,home_and_garden,USD,2026-10-01 05:58:55.293946
ACC-1002,2024-02-12,143.60,0.00,-143.60,1,1,payroll,EUR,2026-10-01 05:58:55.293946
ACC-1002,2024-02-13,776.60,0.00,-776.60,1,1,groceries,USD,2026-10-01 05:58:55.293946
ACC-1002,2024-03-11,0.00,3010.05,3010.05,1,1,groceries,EUR,2026-10-01 05:58:55.293946
ACC-1002,2024-03-13,175.41,0.00,-175.41,2,2,payroll,USD,2026-10-01 05:58:55.293946
ACC-1003,2024-01-04,11.58,0.00,-11.58,1,1,electronics,JPY,2026-10-01 05:58:55.293946
ACC-1003,2024-01-14,1104.45,0.00,-1104.45,1,1,transportation,USD,2026-10-01 05:58:55.293946
ACC-1003,2024-01-16,474.79,0.00,-474.79,1,1,entertainment,EUR,2026-10-01 05:58:55.293946
ACC-1003,2024-02-02,0.00,254.41,254.41,1,1,electronics,EUR,2026-10-01 05:58:55.293946
ACC-1003,2024-02-04,3002.62,0.00,-3002.62,1,1,food_and_beverage,EUR,2026-10-01 05:58:55.293946
ACC-1003,2024-02-15,464.76,9608.42,9143.66,3,3,retail,"CAD,GBP,USD",2026-10-01 05:58:55.293946
ACC-1003,2024-02-20,43.05,0.00,-43.05,1,1,electronics,USD,2026-10-01 05:58:55.293946
ACC-1003,2024-02-28,775.51,0.00,-775.51,1,1,travel,USD,2026-10-01 05:58:55.293946
ACC-1003,2024-03-08,449.85,0.00,-449.85,1,1,travel,USD,2026-10-01 05:58:55.293946
ACC-1003,2024-03-09,0.00,6741.72,6741.72,1,1,payroll,USD,2026-10-01 05:58:55.293946
ACC-1003,2024-03-21,4336.90,0.00,-4336.90,1,1,e-commerce,USD,2026-10-01 05:58:55.293946
ACC-1003,2024-03-24,0.00,5858.31,5858.31,1,1,electronics,USD,2026-10-01 05:58:55.293946
ACC-1003,2024-03-26,0.00,4083.02,4083.02,1,1,home_and_garden,USD,2026-10-01 05:58:55.293946
ACC-1004,2024-01-07,119.18,0.00,-119.18,1,1,home_and_garden,USD,2026-10-01 05:58:55.293946
ACC-1004,2024-01-22,2214.61,0.00,-2214.61,1,1,electronics,USD,2026-10-01 05:58:55.293946
ACC-1004,2024-01-26,22.77,0.00,-22.77,1,1,electronics,GBP,2026-10-01 05:58:55.293946
ACC-1004,2024-02-07,0.00,4492.50,4492.50,1,1,home_and_garden,EUR,2026-10-01 05:58:55.293946
ACC-1004,2024-02-14,0.00,6253.38,6253.38,1,1,home_and_garden,USD,2026-10-01 05:58:55.293946
ACC-1004,2024-02-17,450.97,0.00,-450.97,1,1,transportation,JPY,2026-10-01 05:58:55.293946
ACC-1004,2024-02-19,131.53,0.00,-131.53,1,1,electronics,JPY,2026-10-01 05:58:55.293946
ACC-1004,2024-02-28,587.73,0.00,-587.73,1,1,transfer,GBP,2026-10-01 05:58:55.293946
ACC-1004,2024-03-18,229.71,0.00,-229.71,1,1,electronics,USD,2026-10-01 05:58:55.293946
ACC-1004,2024-03-19,92.43,0.00,-92.43,1,1,payroll,USD,2026-10-01 05:58:55.293946
ACC-1004,2024-03-23,856.89,0.00,-856.89,1,1,retail,USD,2026-10-01 05:58:55.293946
ACC-1005,2024-01-01,0.00,4070.01,4070.01,1,1,home_and_garden,USD,2026-10-01 05:58:55.293946
ACC-1005,2024-01-10,318.94,0.00,-318.94,1,1,transportation,USD,2026-10-01 05:58:55.293946
ACC-1005,2024-01-12,0.00,453.78,453.78,1,1,transportation,EUR,2026-10-01 05:58:55.293946
ACC-1005,2024-01-21,1889.30,0.00,-1889.30,1,1,retail,USD,2026-10-01 05:58:55.293946
ACC-1005,2024-01-22,2743.76,0.00,-2743.76,1,1,e-commerce,USD,2026-10-01 05:58:55.293946
ACC-1005,2024-01-28,108.35,0.00,-108.35,1,1,travel,GBP,2026-10-01 05:58:55.293946
ACC-1005,2024-02-14,0.00,3023.35,3023.35,1,1,groceries,CHF,2026-10-01 05:58:55.293946
ACC-1005,2024-02-17,92.31,0.00,-92.31,1,1,travel,USD,2026-10-01 05:58:55.293946
ACC-1005,2024-02-18,0.00,838.94,838.94,1,1,groceries,USD,2026-10-01 05:58:55.293946
ACC-1005,2024-02-27,0.00,1183.83,1183.83,1,1,health,GBP,2026-10-01 05:58:55.293946
ACC-1005,2024-03-10,4955.16,0.00,-4955.16,1,1,electronics,USD,2026-10-01 05:58:55.293946
ACC-1005,2024-03-14,44.39,0.00,-44.39,1,1,travel,EUR,2026-10-01 05:58:55.293946
ACC-1005,2024-03-18,0.00,4583.15,4583.15,1,1,electronics,EUR,2026-10-01 05:58:55.293946
ACC-1005,2024-03-19,0.00,3570.69,3570.69,1,1,e-commerce,EUR,2026-10-01 05:58:55.293946
ACC-1005,2024-03-23,675.31,0.00,-675.31,2,2,groceries,USD,2026-10-01 05:58:55.293946
ACC-1005,2024-03-24,171.25,2323.05,2151.80,2,2,entertainment,USD,2026-10-01 05:58:55.293946
ACC-1005,2024-03-26,829.75,0.00,-829.75,1,1,travel,USD,2026-10-01 05:58:55.293946
ACC-1005,2024-03-27,0.00,7232.54,7232.54,1,1,transportation,EUR,2026-10-01 05:58:55.293946
ACC-1005,2024-03-28,0.00,3759.32,3759.32,1,1,groceries,USD,2026-10-01 05:58:55.293946
ACC-1005,2024-03-30,491.19,2763.53,2272.34,2,2,electronics,"CAD,EUR",2026-10-01 05:58:55.293946
ACC-1006,2024-01-03,2698.43,0.00,-2698.43,1,1,entertainment,USD,2026-10-01 05:58:55.293946
ACC-1006,2024-01-08,1382.73,0.00,-1382.73,1,1,travel,USD,2026-10-01 05:58:55.293946
ACC-1006,2024-01-23,0.00,7172.05,7172.05,1,1,health,USD,2026-10-01 05:58:55.293946
ACC-1006,2024-02-02,36.61,0.00,-36.61,1,1,retail,USD,2026-10-01 05:58:55.293946
ACC-1006,2024-02-16,150.64,0.00,-150.64,1,1,transportation,USD,2026-10-01 05:58:55.293946
ACC-1006,2024-03-03,1196.07,0.00,-1196.07,2,2,electronics,"GBP,USD",2026-10-01 05:58:55.293946
ACC-1006,2024-03-11,3295.08,0.00,-3295.08,1,1,retail,USD,2026-10-01 05:58:55.293946
ACC-1006,2024-03-15,0.00,3826.12,3826.12,1,1,food_and_beverage,EUR,2026-10-01 05:58:55.293946
ACC-1006,2024-03-20,0.00,6997.75,6997.75,1,1,groceries,CAD,2026-10-01 05:58:55.293946
ACC-1006,2024-03-24,181.06,5073.34,4892.28,2,2,home_and_garden,"EUR,USD",2026-10-01 05:58:55.293946
ACC-1006,2024-03-25,680.31,0.00,-680.31,1,1,electronics,EUR,2026-10-01 05:58:55.293946
ACC-1006,2024-03-29,4882.41,0.00,-4882.41,2,2,travel,"EUR,USD",2026-10-01 05:58:55.293946
ACC-1007,2024-01-02,675.68,0.00,-675.68,1,1,entertainment,USD,2026-10-01 05:58:55.293946
ACC-1007,2024-01-15,0.00,7483.77,7483.77,1,1,food_and_beverage,USD,2026-10-01 05:58:55.293946
ACC-1007,2024-01-16,104.58,0.00,-104.58,1,1,food_and_beverage,USD,2026-10-01 05:58:55.293946
ACC-1007,2024-01-24,569.29,0.00,-569.29,1,1,transfer,JPY,2026-10-01 05:58:55.293946
ACC-1007,2024-02-15,45.41,0.00,-45.41,1,1,food_and_beverage,EUR,2026-10-01 05:58:55.293946
ACC-1007,2024-03-19,3771.78,0.00,-3771.78,1,1,food_and_beverage,AUD,2026-10-01 05:58:55.293946
ACC-1008,2024-01-09,4807.61,0.00,-4807.61,1,1,transportation,USD,2026-10-01 05:58:55.293946
ACC-1008,2024-01-10,0.00,3649.67,3649.67,1,1,groceries,GBP,2026-10-01 05:58:55.293946
ACC-1008,2024-01-11,3658.81,0.00,-3658.81,1,1,e-commerce,USD,2026-10-01 05:58:55.293946
ACC-1008,2024-01-20,0.00,7411.32,7411.32,1,1,food_and_beverage,JPY,2026-10-01 05:58:55.293946
ACC-1008,2024-01-22,0.00,2039.63,2039.63,1,1,health,EUR,2026-10-01 05:58:55.293946
ACC-1008,2024-02-05,44.05,0.00,-44.05,1,1,transportation,USD,2026-10-01 05:58:55.293946
ACC-1008,2024-02-20,361.76,0.00,-361.76,1,1,payroll,USD,2026-10-01 05:58:55.293946
ACC-1008,2024-02-25,0.00,3392.97,3392.97,1,1,entertainment,EUR,2026-10-01 05:58:55.293946
ACC-1008,2024-02-26,300.86,0.00,-300.86,1,1,e-commerce,GBP,2026-10-01 05:58:55.293946
ACC-1008,2024-02-29,68.21,0.00,-68.21,1,1,home_and_garden,USD,2026-10-01 05:58:55.293946
ACC-1008,2024-03-02,102.71,0.00,-102.71,1,1,entertainment,EUR,2026-10-01 05:58:55.293946
ACC-1008,2024-03-05,0.00,6749.93,6749.93,1,1,e-commerce,AUD,2026-10-01 05:58:55.293946
ACC-1008,2024-03-12,0.00,6101.80,6101.80,1,1,transfer,USD,2026-10-01 05:58:55.293946
ACC-1008,2024-03-17,0.00,4663.08,4663.08,1,1,food_and_beverage,USD,2026-10-01 05:58:55.293946
ACC-1008,2024-03-29,0.00,3053.02,3053.02,1,1,home_and_garden,AUD,2026-10-01 05:58:55.293946
ACC-1009,2024-01-03,80.98,0.00,-80.98,1,1,e-commerce,JPY,2026-10-01 05:58:55.293946
ACC-1009,2024-01-07,404.72,0.00,-404.72,1,1,e-commerce,AUD,2026-10-01 05:58:55.293946
ACC-1009,2024-01-08,0.00,2414.97,2414.97,1,1,e-commerce,USD,2026-10-01 05:58:55.293946
