transaction_id,account_id,transaction_date,amount,currency,transaction_type,merchant_name,merchant_category,status,country_code,is_duplicate,ingestion_run_id,ingestion_timestamp
TXN-0160,ACC-1005,2024-01-01 00:47:59,4070.01,USD,credit,IKEA,home_and_garden,completed,NL,false,20261001T054552-9db7cb,2026-10-01 05:45:55.027716
TXN-0129,ACC-1018,2024-01-01 12:44:17,149.97,EUR,debit,Xbox Game Pass,entertainment,completed,US,false,20261001T054552-9db7cb,2026-10-01 05:45:55.028108
TXN-0290,ACC-1018,2024-01-01 14:15:31,67.56,USD,debit,CVS Pharmacy,health,completed,US,false,20261001T054552-9db7cb,2026-10-01 05:45:55.028284
TXN-0006,ACC-1007,2024-01-02 10:47:47,675.68,USD,debit,AMC Theaters,entertainment,completed,US,false,20261001T054552-9db7cb,2026-10-01 05:45:55.028401
TXN-0062,ACC-1002,2024-01-02 13:24:53,1916.17,USD,debit,Uber,transportation,pending,US,false,20261001T054552-9db7cb,2026-10-01 05:45:55.028504
TXN-0018,ACC-1009,2024-01-03 04:58:35,80.98,JPY,debit,eBay,e-commerce,completed,US,false,20261001T054552-9db7cb,2026-10-01 05:45:55.028602
TXN-0158,ACC-1014,2024-01-03 11:42:04,79.20,GBP,debit,Xbox Game Pass,entertainment,failed,US,false,20261001T054552-9db7cb,2026-10-01 05:45:55.028697
TXN-0043,ACC-1006,2024-01-03 13:05:31,2698.43,USD,debit,Xbox Game Pass,entertainment,completed,US,false,20261001T054552-9db7cb,2026-10-01 05:45:55.028807
TXN-0142,ACC-1005,2024-01-03 13:17:58,1793.30,GBP,credit,Best Buy,electronics,failed,US,false,20261001T054552-9db7cb,2026-10-01 05:45:55.028897
TXN-0182,ACC-1020,2024-01-03 19:19:18,3458.70,USD,credit,MediaMarkt,electronics,completed,DE,false,20261001T054552-9db7cb,2026-10-01 05:45:55.029113
TXN-0253,ACC-1003,2024-01-04 10:46:17,11.58,JPY,debit,Sony Electronics,electronics,completed,US,false,20261001T054552-9db7cb,2026-10-01 05:45:55.029253
TXN-0270,ACC-1003,2024-01-05 16:11:05,176.81,EUR,credit,IKEA,retail,failed,GB,false,20261001T054552-9db7cb,2026-10-01 05:45:55.029355
TXN-0298,ACC-1001,2024-01-06 05:46:09,35.99,GBP,debit,Booking.com,travel,completed,NL,false,20261001T054552-9db7cb,2026-10-01 05:45:55.029487
TXN-0010,ACC-1003,2024-01-06 08:30:39,147.05,USD,debit,SEPA Payroll,payroll,pending,DE,false,20261001T054552-9db7cb,2026-10-01 05:45:55.029586
TXN-0066,ACC-1014,2024-01-06 16:00:35,4428.94,JPY,debit,Costa Coffee,food_and_beverage,completed,GB,false,20261001T054552-9db7cb,2026-10-01 05:45:55.02968
TXN-0243,ACC-1001,2024-01-06 16:06:25,80.42,GBP,debit,TfL Oyster,transportation,completed,GB,false,20261001T054552-9db7cb,2026-10-01 05:45:55.029772
TXN-0276,ACC-1018,2024-01-06 16:59:24,61.09,USD,debit,Home Depot,home_and_garden,completed,US,false,20261001T054552-9db7cb,2026-10-01 05:45:55.029865
TXN-0281,ACC-1019,2024-01-06 22:29:09,579.97,EUR,debit,Spotify,entertainment,completed,US,false,20261001T054552-9db7cb,2026-10-01 05:45:55.029963
TXN-0309,ACC-1009,2024-01-07 11:50:37,404.72,AUD,debit,Zalando,e-commerce,completed,DE,false,20261001T054552-9db7cb,2026-10-01 05:45:55.030058
TXN-0282,ACC-1004,2024-01-07 18:30:55,119.18,USD,debit,IKEA,home_and_garden,completed,NL,false,20261001T054552-9db7cb,2026-10-01 05:45:55.030213
TXN-0248,ACC-1015,2024-01-07 21:09:45,6496.33,USD,credit,CVS Pharmacy,health,completed,US,false,20261001T054552-9db7cb,2026-10-01 05:45:55.030307
TXN-0036,ACC-1006,2024-01-08 01:31:38,1382.73,USD,debit,Hilton Hotels,travel,completed,US,false,20261001T054552-9db7cb,2026-10-01 05:45:55.030401
TXN-0023,ACC-1015,2024-01-08 05:12:55,7142.06,USD,credit,TfL Oyster,transportation,completed,GB,false,20261001T054552-9db7cb,2026-10-01 05:45:55.0305
TXN-0058,ACC-1019,2024-01-08 05:37:12,1275.43,EUR,debit,Sony Electronics,electronics,completed,US,false,20261001T054552-9db7cb,2026-10-01 05:45:55.030624
TXN-0012,ACC-1009,2024-01-08 18:39:24,2414.97,USD,credit,Amazon,e-commerce,completed,US,false,20261001T054552-9db7cb,2026-10-01 05:45:55.030727
TXN-0293,ACC-1018,2024-01-08 22:01:56,722.47,EUR,debit,Booking.com,travel,completed,NL,false,20261001T054552-9db7cb,2026-10-01 05:45:55.03083
TXN-0143,ACC-1004,2024-01-09 15:26:17,126.95,JPY,debit,Rakuten,e-commerce,pending,JP,false,20261001T054552-9db7cb,2026-10-01 05:45:55.030926
TXN-0019,ACC-1008,2024-01-09 15:49:13,4807.61,USD,debit,Shell Gas,transportation,completed,US,false,20261001T054552-9db7cb,2026-10-01 05:45:55.031029
TXN-0318,ACC-1020,2024-01-10 12:33:25,5945.25,AUD,credit,Rakuten,e-commerce,completed,JP,false,20261001T054552-9db7cb,2026-10-01 05:45:55.031123
TXN-0177,ACC-1005,2024-01-10 17:02:10,318.94,USD,debit,DB Bahn,transportation,completed,DE,false,20261001T054552-9db7cb,2026-10-01 05:45:55.031216
TXN-0123,ACC-1008,2024-01-10 17:53:44,3649.67,GBP,credit,Whole Foods,groceries,completed,US,false,20261001T054552-9db7cb,2026-10-01 05:45:55.031303
TXN-0055,ACC-1012,2024-01-10 22:11:29,1866.07,USD,credit,IKEA,home_and_garden,completed,NL,false,20261001T054552-9db7cb,2026-10-01 05:45:55.031399
TXN-0052,ACC-1019,2024-01-11 00:14:47,2787.47,USD,credit,Spotify,entertainment,reversed,US,false,20261001T054552-9db7cb,2026-10-01 05:45:55.03149
TXN-0333,ACC-1008,2024-01-11 02:55:10,3658.81,USD,debit,ASOS,e-commerce,completed,GB,false,20261001T054552-9db7cb,2026-10-01 05:45:55.031601
TXN-0207,ACC-1018,2024-01-11 09:41:05,104.50,USD,debit,Airbnb,travel,completed,US,false,20261001T054552-9db7cb,2026-10-01 05:45:55.031694
TXN-0060,ACC-1015,2024-01-11 10:32:45,52.53,USD,debit,Hilton Hotels,travel,completed,US,false,20261001T054552-9db7cb,2026-10-01 05:45:55.03179
TXN-0020,ACC-1013,2024-01-11 13:19:13,3790.82,USD,credit,Zara,retail,completed,ES,false,20261001T054552-9db7cb,2026-10-01 05:45:55.031884
TXN-0174,ACC-1002,2024-01-11 17:49:25,24.54,USD,debit,Hilton Hotels,travel,completed,US,false,20261001T054552-9db7cb,2026-10-01 05:45:55.031994
TXN-0113,ACC-1015,2024-01-12 12:28:31,32.66,USD,debit,PayPal Transfer,transfer,completed,US,false,20261001T054552-9db7cb,2026-10-01 05:45:55.032118
TXN-0084,ACC-1015,2024-01-12 17:47:12,264.11,EUR,debit,ACH Transfer,transfer,completed,US,false,20261001T054552-9db7cb,2026-10-01 05:45:55.032237
TXN-0105,ACC-1002,2024-01-12 17:50:59,170.75,USD,debit,United Airlines,travel,failed,US,false,20261001T054552-9db7cb,2026-10-01 05:45:55.032344
TXN-0215,ACC-1005,2024-01-12 18:14:43,453.78,EUR,credit,Uber,transportation,completed,US,false,20261001T054552-9db7cb,2026-10-01 05:45:55.032434
TXN-0115,ACC-1014,2024-01-12 22:52:25,28.48,CAD,debit,Lufthansa,travel,failed,DE,false,20261001T054552-9db7cb,2026-10-01 05:45:55.032551
TXN-0212,ACC-1009,2024-01-13 20:03:03,7246.01,USD,credit,Leroy Merlin,home_and_garden,completed,FR,false,20261001T054552-9db7cb,2026-10-01 05:45:55.032661
TXN-0094,ACC-1004,2024-01-14 01:54:42,408.14,USD,debit,TfL Oyster,transportation,pending,GB,false,20261001T054552-9db7cb,2026-10-01 05:45:55.032817
TXN-0244,ACC-1003,2024-01-14 05:29:05,1104.45,USD,debit,Lyft,transportation,completed,US,false,20261001T054552-9db7cb,2026-10-01 05:45:55.03291
TXN-0093,ACC-1011,2024-01-14 10:12:17,4678.67,GBP,credit,Bupa,health,completed,GB,false,20261001T054552-9db7cb,2026-10-01 05:45:55.033004
TXN-0002,ACC-1017,2024-01-14 10:46:55,5292.35,EUR,credit,SEPA Payroll,payroll,pending,DE,false,20261001T054552-9db7cb,2026-10-01 05:45:55.033092
TXN-0159,ACC-1013,2024-01-14 19:40:31,140.35,USD,debit,Starbucks,food_and_beverage,completed,US,false,20261001T054552-9db7cb,2026-10-01 05:45:55.03318
TXN-0152,ACC-1017,2024-01-15 14:32:37,3760.54,EUR,credit,Bunnings,home_and_garden,completed,AU,false,20261001T054552-9db7cb,2026-10-01 05:45:55.033279
